CustomerKey,CustomerID,FirstName,LastName,Gender,Region
1,C0001,Gregory,Miller,Male,Ohio
2,C0002,Marvin,Unknown,Male,California
3,C0003,Gregory,Smith,Male,New York
4,C0004,Edward,Davis,Male,Ohio
5,C0005,Reginald,Dawson,Male,Texas
6,C0006,Virginia,Bryant,Female,Ohio
7,C0007,Benjamin,Shepherd,Male,Ohio
8,C0008,Robert,Pierce,Male,New York
9,C0009,Samuel,Mcconnell,Male,California
10,C0010,Jason,Unknown,Male,New York
11,C0011,Jason,Morales,Male,unknown
12,C0012,Charles,Unknown,Male,New York
13,C0013,Brandon,Unknown,Male,Ohio
14,C0014,Jeffery,Cabrera,Male,New York
15,C0015,William,Gonzalez,Male,New York
16,C0016,Joe,Barnett,Male,Ohio
17,C0017,Angela,Cantrell,Female,Texas
18,C0018,Mariah,Wilson,Female,New York
19,C0019,Michael,Unknown,Male,New York
20,C0020,Robert,Unknown,Male,New York
21,C0021,Rachel,Unknown,Female,New York
22,C0022,Timothy,Unknown,Male,Texas
23,C0023,Grant,Bartlett,Male,Ohio
24,C0024,Luis,Roberts,Male,New York
25,C0025,Jordan,Mercado,Male,Texas
26,C0026,Jesse,Wilkerson,Male,New York
27,C0027,Brandon,Smith,Male,New York
28,C0028,William,Smith,Male,California
29,C0029,Timothy,Unknown,Male,Ohio
30,C0030,Desiree,Washington,Female,Ohio
31,C0031,Steven,Morgan,Male,Ohio
32,C0032,Joshua,Carson,Male,New York
33,C0033,Joshua,Robinson,Male,New York
34,C0034,Paula,Hanson,Female,Ohio
35,C0035,Joshua,Sullivan,Male,Texas
36,C0036,Lori,Long,Female,California
37,C0037,Brett,Unknown,Male,unknown
38,C0038,Jose,Griffin,Male,California
39,C0039,John,Mendoza,Male,New York
40,C0040,Yvette,Wood,Female,Ohio
41,C0041,Michael,Stephens,Male,New York
42,C0042,Steven,Farley,Male,Texas
43,C0043,Rachel,Unknown,Female,New York
44,C0044,James,Robbins,Male,New York
45,C0045,Andrew,Hopkins,Male,New York
46,C0046,Dennis,Unknown,Male,California
47,C0047,Seth,Hess,Male,Texas
48,C0048,Frank,Ross,Male,Ohio
49,C0049,Jeffrey,Unknown,Male,Texas
50,C0050,Kimberly,Wright,Female,New York
51,C0051,David,Unknown,Male,unknown
52,C0052,Todd,Kelley,Male,New York
53,C0053,Ian,Schneider,Male,New York
54,C0054,Christopher,White,Male,California
55,C0055,Jonathan,Thomas,Male,New York
56,C0056,Sonia,Vaughn,Female,California
57,C0057,Brian,Price,Male,Ohio
58,C0058,Steven,Miller,Male,Texas
59,C0059,Eric,Hoffman,Male,California
60,C0060,Jonathan,Unknown,Male,New York
61,C0061,Gary,Nunez,Male,New York
62,C0062,Mark,Adams,Male,Texas
63,C0063,Latoya,Unknown,Female,Ohio
64,C0064,Jason,Unknown,Male,unknown
65,C0065,Anthony,Butler,Male,Ohio
66,C0066,Thomas,Kelly,Male,California
67,C0067,Eric,Morris,Male,New York
68,C0068,John,Unknown,Male,unknown
69,C0069,David,Hardy,Male,California
70,C0070,Kevin,Franklin,Male,New York
71,C0071,Charles,Warren,Male,Texas
72,C0072,Eric,Mora,Male,California
73,C0073,Vincent,Unknown,Male,New York
74,C0074,Roberto,Unknown,Male,New York
75,C0075,Troy,Garcia,Male,New York
76,C0076,James,Clark,Male,Texas
77,C0077,John,Johnson,Male,unknown
78,C0078,Caleb,Ramirez,Male,New York
79,C0079,Timothy,Unknown,Male,New York
80,C0080,Ian,Fowler,Male,unknown
81,C0081,Ryan,Pearson,Male,California
82,C0082,Samuel,Lopez,Male,Ohio
83,C0083,Antonio,Unknown,Male,Texas
84,C0084,Michael,Brooks,Male,Ohio
85,C0085,Lindsay,Roberts,Female,Ohio
86,C0086,Robert,Unknown,Male,Ohio
87,C0087,John,Unknown,Male,California
88,C0088,William,Unknown,Male,Ohio
89,C0089,Anthony,Lin,Male,New York
90,C0090,Jeremy,Williams,Male,New York
91,C0091,Anna,Unknown,Female,Texas
92,C0092,Antonio,Unknown,Male,Ohio
93,C0093,Samuel,Woods,Male,Ohio
94,C0094,Darren,Woods,Male,Texas
95,C0095,Paul,Reed,Male,Texas
96,C0096,Christina,Brown,Female,California
97,C0097,Anthony,Watts,Male,Texas
98,C0098,Cassandra,Jones,Female,New York
99,C0099,Corey,Valentine,Male,California
100,C0100,Vernon,Morrow,Male,Texas
101,C0101,Robert,Johnson,Male,Ohio
102,C0102,Dennis,Dominguez,Male,New York
103,C0103,Michael,Unknown,Male,California
104,C0104,Stanley,Martin,Male,New York
105,C0105,David,Vance,Male,New York
106,C0106,Jason,Abbott,Male,Texas
107,C0107,Christine,Ellis,Female,New York
108,C0108,Edwin,Burgess,Male,New York
109,C0109,Caleb,Long,Male,unknown
110,C0110,Megan,Miller,Female,Ohio
111,C0111,Brett,Unknown,Male,Texas
112,C0112,Tyrone,Bell,Male,California
113,C0113,Fernando,Martinez,Male,California
114,C0114,Tyrone,Brown,Male,Texas
115,C0115,William,Branch,Male,New York
116,C0116,Richard,Unknown,Male,California
117,C0117,Donald,Terrell,Male,California
118,C0118,Joseph,Morgan,Male,Ohio
119,C0119,Johnny,Unknown,Male,California
120,C0120,Roger,Unknown,Male,California
121,C0121,Melissa,Dominguez,Female,New York
122,C0122,Dustin,Cook,Male,Ohio
123,C0123,Rebecca,Armstrong,Female,Ohio
124,C0124,Gabriel,Unknown,Male,New York
125,C0125,Christopher,Green,Male,California
126,C0126,Keith,Oneal,Male,California
127,C0127,Frank,Turner,Male,unknown
128,C0128,Tina,Unknown,Female,Ohio
129,C0129,Gregory,Neal,Male,Texas
130,C0130,Ronald,Unknown,Male,Ohio
131,C0131,Daniel,Unknown,Male,New York
132,C0132,Ryan,Stephens,Male,unknown
133,C0133,Kevin,Unknown,Male,unknown
134,C0134,Cole,Nelson,Male,California
135,C0135,William,Watkins,Male,Texas
136,C0136,Crystal,Floyd,Female,New York
137,C0137,Nicole,Unknown,Female,New York
138,C0138,William,Boone,Male,unknown
139,C0139,Robert,Cook,Male,Texas
140,C0140,Cesar,Wise,Male,New York
141,C0141,Douglas,Miller,Male,Ohio
142,C0142,Travis,Johnson,Male,California
143,C0143,Sydney,Fisher,Female,New York
144,C0144,Clifford,Unknown,Male,Texas
145,C0145,Aaron,Unknown,Male,Texas
146,C0146,Zachary,Unknown,Male,Ohio
147,C0147,Christopher,Hall,Male,California
148,C0148,Matthew,Unknown,Male,California
149,C0149,Robert,Adkins,Male,New York
150,C0150,Jon,Cohen,Male,California
151,C0151,Matthew,Walter,Male,unknown
152,C0152,Steven,Unknown,Male,Texas
153,C0153,Gregory,Krueger,Male,California
154,C0154,Andrew,Unknown,Male,Texas
155,C0155,Amanda,Browning,Female,Texas
156,C0156,Derrick,Bennett,Male,New York
157,C0157,John,Unknown,Male,New York
158,C0158,Jeffrey,Harris,Male,New York
159,C0159,Alexander,Unknown,Male,New York
160,C0160,Amy,Cruz,Female,Texas
161,C0161,Justin,Williams,Male,unknown
162,C0162,James,Williams,Male,New York
163,C0163,Tina,Holt,Female,New York
164,C0164,Theresa,Davis,Female,Texas
165,C0165,Gregory,Ortega,Male,New York
166,C0166,Ronald,Unknown,Male,New York
167,C0167,Kevin,Unknown,Male,New York
168,C0168,David,Miller,Male,California
169,C0169,Keith,Reed,Male,New York
170,C0170,Cody,Keller,Male,Ohio
171,C0171,Tim,Cameron,Male,Texas
172,C0172,Michael,Bates,Male,Texas
173,C0173,Alexander,Flores,Male,unknown
174,C0174,Chloe,Wheeler,Female,Ohio
175,C0175,Darrell,Smith,Male,New York
176,C0176,Edward,Bell,Male,New York
177,C0177,Daniel,Unknown,Male,California
178,C0178,Miguel,Chung,Male,New York
179,C0179,Michael,Unknown,Male,New York
180,C0180,John,Unknown,Male,California
181,C0181,Michael,Hodges,Male,Texas
182,C0182,David,Tran,Male,Ohio
183,C0183,Mark,Howell,Male,Texas
184,C0184,Miguel,Goodman,Male,Texas
185,C0185,James,Murphy,Male,New York
186,C0186,Christopher,Santos,Male,Ohio
187,C0187,Thomas,Unknown,Male,New York
188,C0188,Wayne,Snyder,Male,Texas
189,C0189,David,Jackson,Male,New York
190,C0190,Matthew,Gray,Male,Ohio
191,C0191,Christopher,Sandoval,Male,New York
192,C0192,Thomas,Unknown,Male,New York
193,C0193,Julie,Lozano,Female,New York
194,C0194,Eric,Unknown,Male,Ohio
195,C0195,Tamara,Unknown,Female,New York
196,C0196,Kevin,Unknown,Male,unknown
197,C0197,Tyler,Larsen,Male,New York
198,C0198,James,Ortiz,Male,California
199,C0199,Maurice,Unknown,Male,New York
200,C0200,Mario,Huff,Male,unknown
201,C0201,Cameron,Santiago,Male,Ohio
202,C0202,Jason,Unknown,Male,Ohio
203,C0203,Michael,Holloway,Male,Ohio
204,C0204,Raymond,Unknown,Male,New York
205,C0205,Christopher,Johnson,Male,New York
206,C0206,Steven,Johnson,Male,New York
207,C0207,Brandon,Unknown,Male,Ohio
208,C0208,Logan,Unknown,Male,Texas
209,C0209,Andrew,Curtis,Male,New York
210,C0210,Thomas,Lopez,Male,Ohio
211,C0211,Daniel,Holland,Male,Ohio
212,C0212,Eric,Burgess,Male,New York
213,C0213,Brian,Esparza,Male,Ohio
214,C0214,Larry,Knight,Male,Texas
215,C0215,Reginald,Lee,Male,Texas
216,C0216,Spencer,Howard,Male,Texas
217,C0217,Susan,Smith,Female,Texas
218,C0218,Daniel,Wilcox,Male,Ohio
219,C0219,Derek,Unknown,Male,unknown
220,C0220,Gregory,Trujillo,Male,Texas
221,C0221,Keith,Brown,Male,Texas
222,C0222,Samantha,Barnes,Female,California
223,C0223,Stephanie,Mckenzie,Female,Texas
224,C0224,Cesar,Unknown,Male,Texas
225,C0225,Thomas,Sosa,Male,Texas
226,C0226,Christopher,Unknown,Male,New York
227,C0227,Jeffrey,Unknown,Male,Ohio
228,C0228,Travis,Jones,Male,New York
229,C0229,Derrick,Walters,Male,New York
230,C0230,Daniel,Mitchell,Male,California
231,C0231,Jacob,Walton,Male,Texas
232,C0232,Mark,Hopkins,Male,New York
233,C0233,Mary,Unknown,Female,Ohio
234,C0234,Andrew,Bush,Male,California
235,C0235,Amy,Unknown,Female,New York
236,C0236,Travis,Unknown,Male,California
237,C0237,Marc,Unknown,Male,New York
238,C0238,Jay,Wright,Male,Ohio
239,C0239,Frank,Unknown,Male,New York
240,C0240,Jessica,Unknown,Female,New York
241,C0241,Samuel,Taylor,Male,New York
242,C0242,Jeffrey,Sparks,Male,New York
243,C0243,Eric,Lopez,Male,New York
244,C0244,Mark,Davidson,Male,Texas
245,C0245,Mary,Anderson,Female,Texas
246,C0246,Amanda,Kelly,Female,Ohio
247,C0247,Steven,Williams,Male,New York
248,C0248,Michelle,Morrow,Female,California
249,C0249,Robert,Pena,Male,New York
250,C0250,Rodney,Adams,Male,New York
251,C0251,Roy,Cruz,Male,New York
252,C0252,Joan,Johnson,Female,California
253,C0253,Michael,Unknown,Male,Ohio
254,C0254,Shannon,Johnson,Female,New York
255,C0255,David,Adams,Male,California
256,C0256,Dwayne,Unknown,Male,New York
257,C0257,Kevin,Unknown,Male,Ohio
258,C0258,Sherry,Unknown,Female,Texas
259,C0259,Samantha,Mays,Female,New York
260,C0260,Robert,Anderson,Male,New York
261,C0261,Julie,Meyers,Female,New York
262,C0262,Kyle,Church,Male,Ohio
263,C0263,Nicholas,Clark,Male,New York
264,C0264,Tracy,Peterson,Female,Texas
265,C0265,Lori,Mccarthy,Female,Texas
266,C0266,Amy,Buck,Female,New York
267,C0267,James,Unknown,Male,New York
268,C0268,Jessica,Dawson,Female,Ohio
269,C0269,Madison,Unknown,Female,New York
270,C0270,Richard,Schaefer,Male,Ohio
271,C0271,Nicholas,Unknown,Male,California
272,C0272,Erika,Sanchez,Female,Texas
273,C0273,Geoffrey,Bell,Male,California
274,C0274,Michael,Martinez,Male,Ohio
275,C0275,Joseph,Bowers,Male,unknown
276,C0276,Johnathan,Williams,Male,California
277,C0277,Jessica,Hawkins,Female,California
278,C0278,Seth,Unknown,Male,New York
279,C0279,Jennifer,Ferguson,Female,New York
280,C0280,Andrew,Smith,Male,unknown
281,C0281,Michelle,Conrad,Female,Texas
282,C0282,Gavin,Sloan,Male,New York
283,C0283,Heather,Hawkins,Female,Texas
284,C0284,Erik,Baker,Male,unknown
285,C0285,Ruben,Unknown,Male,Ohio
286,C0286,Mary,Griffin,Female,Texas
287,C0287,Sharon,Unknown,Female,Texas
288,C0288,Karen,Hays,Female,unknown
289,C0289,John,Williams,Male,California
290,C0290,Erik,Unknown,Male,New York
291,C0291,Jeffrey,Unknown,Male,Texas
292,C0292,Shawn,Unknown,Male,New York
293,C0293,Bradley,Black,Male,Texas
294,C0294,Peter,Bennett,Male,Texas
295,C0295,Bryan,Ryan,Male,California
296,C0296,Nancy,Unknown,Female,California
297,C0297,Timothy,Myers,Male,Texas
298,C0298,Carla,Rosario,Female,California
299,C0299,Hannah,Greer,Female,California
300,C0300,Melanie,Thompson,Female,California
301,C0301,Anthony,Unknown,Male,New York
302,C0302,Jason,Gonzales,Male,New York
303,C0303,Ryan,Matthews,Male,unknown
304,C0304,Calvin,Soto,Male,New York
305,C0305,Curtis,Mccormick,Male,Ohio
306,C0306,Jonathan,Chan,Male,unknown
307,C0307,James,Franco,Male,Texas
308,C0308,Larry,Walker,Male,California
309,C0309,Anthony,Cox,Male,New York
310,C0310,Kevin,Ray,Male,Texas
311,C0311,David,Owens,Male,California
312,C0312,Jack,Pugh,Male,California
313,C0313,Christopher,Unknown,Male,Ohio
314,C0314,David,Mcguire,Male,New York
315,C0315,Allison,Unknown,Female,Ohio
316,C0316,George,Unknown,Male,Texas
317,C0317,Steven,Stark,Male,California
318,C0318,Michael,Solis,Male,New York
319,C0319,Karen,Sullivan,Female,Texas
320,C0320,Cory,Ramsey,Male,California
321,C0321,Kelly,Unknown,Female,California
322,C0322,Joseph,Unknown,Male,Texas
323,C0323,Peter,Henson,Male,New York
324,C0324,Tony,Unknown,Male,Ohio
325,C0325,Bonnie,Unknown,Female,Texas
326,C0326,Joshua,Reynolds,Male,New York
327,C0327,Anthony,Jordan,Male,New York
328,C0328,Gregory,Allen,Male,New York
329,C0329,Steven,Davis,Male,New York
330,C0330,Bryan,Richmond,Male,Texas
331,C0331,David,Unknown,Male,California
332,C0332,Erika,Unknown,Female,California
333,C0333,David,Burns,Male,Texas
334,C0334,John,Unknown,Male,California
335,C0335,Larry,Jefferson,Male,New York
336,C0336,Jesse,Unknown,Male,New York
337,C0337,William,Ray,Male,unknown
338,C0338,Richard,Unknown,Male,Ohio
339,C0339,Alex,Unknown,Male,Ohio
340,C0340,Frank,Unknown,Male,California
341,C0341,David,Unknown,Male,New York
342,C0342,Robert,Unknown,Male,New York
343,C0343,Matthew,Berry,Male,Ohio
344,C0344,Noah,Unknown,Male,Texas
345,C0345,Anthony,Hull,Male,New York
346,C0346,Jeremy,Lambert,Male,California
347,C0347,Stephen,Phillips,Male,New York
348,C0348,Mike,Burke,Male,Texas
349,C0349,John,Mcintosh,Male,New York
350,C0350,David,Unknown,Male,California
351,C0351,Jessica,Manning,Female,New York
352,C0352,Sean,Simpson,Male,Ohio
353,C0353,Nathan,Unknown,Male,New York
354,C0354,Mitchell,Johnson,Male,California
355,C0355,Pamela,Mcbride,Female,New York
356,C0356,Stephen,Taylor,Male,Texas
357,C0357,Jose,Unknown,Male,New York
358,C0358,Roger,Thompson,Male,Ohio
359,C0359,Alexander,Morrison,Male,Texas
360,C0360,Gabriel,Walker,Male,Ohio
361,C0361,Andrew,Tucker,Male,Ohio
362,C0362,Matthew,Gillespie,Male,California
363,C0363,Roy,Hernandez,Male,New York
364,C0364,Howard,Carlson,Male,New York
365,C0365,John,Edwards,Male,New York
366,C0366,John,Edwards,Male,Ohio
367,C0367,Thomas,Middleton,Male,Ohio
368,C0368,Robin,Unknown,Female,Ohio
369,C0369,Robert,Wiggins,Male,California
370,C0370,Sara,Unknown,Female,unknown
371,C0371,Leonard,Unknown,Male,Ohio
372,C0372,John,Smith,Male,New York
373,C0373,Peter,Unknown,Male,Texas
374,C0374,John,Morris,Male,Ohio
375,C0375,Robert,Unknown,Male,Ohio
376,C0376,Joshua,Anderson,Male,California
377,C0377,Christopher,Unknown,Male,Texas
378,C0378,Dennis,Black,Male,New York
379,C0379,Paula,Adkins,Female,California
380,C0380,Steven,Brown,Male,New York
381,C0381,Roy,West,Male,Texas
382,C0382,Crystal,Unknown,Female,New York
383,C0383,Lisa,Miller,Female,Texas
384,C0384,Cory,Oconnor,Male,California
385,C0385,Daniel,Unknown,Male,New York
386,C0386,Jillian,Stone,Female,California
387,C0387,Peter,Hurst,Male,Texas
388,C0388,Frank,Flores,Male,Ohio
389,C0389,David,Unknown,Male,New York
390,C0390,Tanya,Unknown,Female,California
391,C0391,Eric,Bailey,Male,New York
392,C0392,Jason,Unknown,Male,California
393,C0393,Brandon,Ruiz,Male,California
394,C0394,Erin,Carroll,Female,New York
395,C0395,Joseph,Unknown,Male,California
396,C0396,Warren,Bell,Male,Texas
397,C0397,Glenda,Jackson,Female,Texas
398,C0398,Laura,Byrd,Female,California
399,C0399,Matthew,Unknown,Male,Ohio
400,C0400,Jesse,Unknown,Male,unknown
401,C0401,Timothy,Guzman,Male,Texas
402,C0402,John,Unknown,Male,New York
403,C0403,Jasmine,Unknown,Female,California
404,C0404,Anthony,Taylor,Male,New York
405,C0405,Lee,Boyd,Male,Texas
406,C0406,Darrell,Unknown,Male,Texas
407,C0407,Christian,Mcdaniel,Male,Ohio
408,C0408,Crystal,Kim,Female,New York
409,C0409,Robert,Greer,Male,New York
410,C0410,Brent,Banks,Male,New York
411,C0411,Scott,Unknown,Male,California
412,C0412,Jessica,Smith,Female,Texas
413,C0413,Christina,Unknown,Female,Texas
414,C0414,Paul,Simmons,Male,California
415,C0415,Anthony,Unknown,Male,California
416,C0416,Nicholas,Browning,Male,New York
417,C0417,Troy,Unknown,Male,Ohio
418,C0418,Ross,Lee,Male,California
419,C0419,Gordon,Robinson,Male,California
420,C0420,April,Fuentes,Female,New York
421,C0421,Herbert,Unknown,Male,Ohio
422,C0422,Shelby,Unknown,Female,New York
423,C0423,Ryan,Maldonado,Male,New York
424,C0424,Shannon,Barker,Female,unknown
425,C0425,Justin,Unknown,Male,California
426,C0426,Brandon,Hernandez,Male,unknown
427,C0427,Cameron,Dominguez,Male,New York
428,C0428,Joseph,Moore,Male,California
429,C0429,Mary,Buckley,Female,New York
430,C0430,Dan,Unknown,Male,Ohio
431,C0431,Jeffrey,Martinez,Male,California
432,C0432,Olivia,Unknown,Female,Ohio
433,C0433,Bryan,Hale,Male,Ohio
434,C0434,Matthew,Unknown,Male,California
435,C0435,Robert,Unknown,Male,New York
436,C0436,Vincent,Rodriguez,Male,Texas
437,C0437,Richard,Williams,Male,New York
438,C0438,Melanie,Little,Female,New York
439,C0439,Brian,Acevedo,Male,New York
440,C0440,Larry,Unknown,Male,New York
441,C0441,Terri,Edwards,Female,California
442,C0442,Seth,Alexander,Male,unknown
443,C0443,Matthew,Owens,Male,California
444,C0444,Jason,Wagner,Male,Ohio
445,C0445,Michael,Savage,Male,New York
446,C0446,Michael,Carrillo,Male,New York
447,C0447,Stephanie,Unknown,Female,New York
448,C0448,April,Mcdowell,Female,New York
449,C0449,Amy,Ferguson,Female,Texas
450,C0450,Donna,Unknown,Female,New York
451,C0451,Brian,Cooper,Male,Ohio
452,C0452,Theresa,Unknown,Female,Ohio
453,C0453,Jacob,Coffey,Male,Ohio
454,C0454,Terry,Unknown,Male,Texas
455,C0455,James,Chen,Male,California
456,C0456,Brittany,Johnson,Female,Texas
457,C0457,Destiny,Marks,Female,New York
458,C0458,Louis,Unknown,Male,Texas
459,C0459,Brittney,Cook,Female,New York
460,C0460,Gina,Woods,Female,California
461,C0461,Randy,Unknown,Male,Ohio
462,C0462,Craig,Walker,Male,California
463,C0463,Martin,Unknown,Male,California
464,C0464,Jordan,Powers,Male,California
465,C0465,Andre,Unknown,Male,Texas
466,C0466,Rachel,Lewis,Female,Ohio
467,C0467,James,Unknown,Male,New York
468,C0468,Tammy,Turner,Female,California
469,C0469,Helen,Unknown,Female,Ohio
470,C0470,Misty,White,Female,Texas
471,C0471,Nicole,Walton,Female,Texas
472,C0472,William,Mullins,Male,New York
473,C0473,Brandon,Unknown,Male,New York
474,C0474,Jacob,Taylor,Male,California
475,C0475,Charles,Cook,Male,New York
476,C0476,Jonathan,Daniel,Male,Texas
477,C0477,Timothy,Unknown,Male,New York
478,C0478,James,Unknown,Male,Ohio
479,C0479,Jack,Unknown,Male,Ohio
480,C0480,David,Smith,Male,Texas
481,C0481,Timothy,Unknown,Male,Texas
482,C0482,Ricky,Watson,Male,California
483,C0483,Benjamin,Foster,Male,unknown
484,C0484,Jacob,Lyons,Male,New York
485,C0485,Jamie,White,Male,unknown
486,C0486,Matthew,Unknown,Male,New York
487,C0487,Melvin,Lewis,Male,New York
488,C0488,John,Johnson,Male,New York
489,C0489,Adam,Smith,Male,Ohio
490,C0490,Susan,Unknown,Female,Texas
491,C0491,Aaron,Barnes,Male,New York
492,C0492,Christopher,Ford,Male,Texas
493,C0493,Carlos,Bailey,Male,New York
494,C0494,Jacob,Smith,Male,New York
495,C0495,Robert,Lewis,Male,Texas
496,C0496,Sherry,Mckenzie,Female,New York
497,C0497,Oscar,Mcgrath,Male,New York
498,C0498,Jeremy,Williams,Male,Texas
499,C0499,Jason,Watkins,Male,California
500,C0500,Jeffrey,Dean,Male,New York
501,C0501,Valerie,Lester,Female,Texas
502,C0502,Ryan,Fischer,Male,Texas
503,C0503,April,Unknown,Female,Texas
504,C0504,Emily,Washington,Female,Texas
505,C0505,Jordan,Martin,Male,California
506,C0506,Kenneth,Unknown,Male,New York
507,C0507,John,Hale,Male,California
508,C0508,Michael,Davis,Male,Ohio
509,C0509,Nicholas,Unknown,Male,Ohio
510,C0510,Tristan,Unknown,Male,New York
511,C0511,Chad,Ramos,Male,Texas
512,C0512,Ryan,Lee,Male,New York
513,C0513,Danielle,Unknown,Female,New York
514,C0514,Brian,Wallace,Male,New York
515,C0515,Elizabeth,Boyd,Female,New York
516,C0516,Nathaniel,Snyder,Male,New York
517,C0517,Donald,Unknown,Male,Ohio
518,C0518,Juan,Miller,Male,Texas
519,C0519,Barbara,Ellis,Female,California
520,C0520,Jacob,Hughes,Male,California
521,C0521,Jack,Castaneda,Male,New York
522,C0522,William,Smith,Male,Texas
523,C0523,Raymond,Wood,Male,Texas
524,C0524,Teresa,Martin,Female,Ohio
525,C0525,Carl,Lindsey,Male,Ohio
526,C0526,Edgar,Bennett,Male,California
527,C0527,Carlos,Bowman,Male,Ohio
528,C0528,Tracy,Stewart,Male,Texas
529,C0529,Bruce,Snow,Male,California
530,C0530,Steven,Bennett,Male,New York
531,C0531,Troy,Unknown,Male,New York
532,C0532,Daniel,Perkins,Male,California
533,C0533,Gabriel,Unknown,Male,Ohio
534,C0534,Brandon,Gamble,Male,Ohio
535,C0535,Kenneth,Unknown,Male,New York
536,C0536,Daniel,Hardy,Male,New York
537,C0537,Gary,Unknown,Male,New York
538,C0538,Aaron,Peck,Male,New York
539,C0539,Wanda,Clark,Female,New York
540,C0540,Eduardo,Stokes,Male,New York
541,C0541,Carlos,Unknown,Male,Texas
542,C0542,Joshua,Kramer,Male,Ohio
543,C0543,Bradley,Meyers,Male,New York
544,C0544,Kyle,Soto,Male,Texas
545,C0545,Christopher,Spencer,Male,New York
546,C0546,Stephen,Brown,Male,Texas
547,C0547,Kaitlyn,Thomas,Female,New York
548,C0548,Eric,Winters,Male,New York
549,C0549,Alexander,Harris,Male,New York
550,C0550,Gregory,Davidson,Male,California
551,C0551,Amanda,Unknown,Female,Texas
552,C0552,Kevin,Unknown,Male,California
553,C0553,Miguel,Fletcher,Male,Ohio
554,C0554,Gregory,Hicks,Male,New York
555,C0555,Alec,Unknown,Male,Texas
556,C0556,Willie,Unknown,Male,California
557,C0557,Frank,Miller,Male,Texas
558,C0558,Donna,Unknown,Female,New York
559,C0559,Carl,Ramirez,Male,New York
560,C0560,Kimberly,Jones,Female,New York
561,C0561,Christopher,Unknown,Male,Ohio
562,C0562,Brenda,Stephens,Female,California
563,C0563,Katherine,Higgins,Female,New York
564,C0564,Dakota,Jones,Male,New York
565,C0565,Mitchell,Unknown,Male,Texas
566,C0566,Jacob,Wang,Male,New York
567,C0567,Raymond,Gonzalez,Male,Ohio
568,C0568,Randy,Unknown,Male,California
569,C0569,Heather,Mueller,Female,Ohio
570,C0570,Lee,Mayo,Male,Texas
571,C0571,Jeffrey,Suarez,Male,New York
572,C0572,Anthony,Unknown,Male,California
573,C0573,Adrian,Unknown,Male,California
574,C0574,Kari,Unknown,Female,Texas
575,C0575,Paula,Moore,Female,Texas
576,C0576,Jordan,Sullivan,Male,California
577,C0577,Paul,Shaw,Male,New York
578,C0578,Daniel,Cook,Male,California
579,C0579,Donald,Hubbard,Male,New York
580,C0580,Alexander,Valentine,Male,Ohio
581,C0581,Angela,Gomez,Female,New York
582,C0582,Debbie,Robinson,Female,Texas
583,C0583,Jim,Fields,Male,New York
584,C0584,Thomas,Williams,Male,New York
585,C0585,Kenneth,Gardner,Male,Texas
586,C0586,Dean,Coffey,Male,unknown
587,C0587,Edward,Unknown,Male,California
588,C0588,Kylie,Garcia,Female,Ohio
589,C0589,Allen,Foster,Male,Texas
590,C0590,Michael,Roberts,Male,New York
591,C0591,Julia,Jacobson,Female,New York
592,C0592,Melissa,Hernandez,Female,Texas
593,C0593,Courtney,Unknown,Female,California
594,C0594,John,Ellis,Male,New York
595,C0595,Nicholas,Crawford,Male,New York
596,C0596,Luke,Maldonado,Male,New York
597,C0597,Dennis,Jones,Male,California
598,C0598,Desiree,Unknown,Female,Ohio
599,C0599,Frederick,Williams,Male,New York
600,C0600,Edwin,Unknown,Male,New York
601,C0601,Garrett,Unknown,Male,New York
602,C0602,Bill,Ochoa,Male,California
603,C0603,Eric,Hicks,Male,New York
604,C0604,Benjamin,Unknown,Male,New York
605,C0605,Amy,Walker,Female,California
606,C0606,Frank,Unknown,Male,Ohio
607,C0607,Timothy,Miller,Male,Texas
608,C0608,Calvin,Unknown,Male,Texas
609,C0609,Derek,Anderson,Male,New York
610,C0610,Edward,Vazquez,Male,New York
611,C0611,Alexander,Unknown,Male,Texas
612,C0612,Teresa,Reed,Female,New York
613,C0613,Wesley,Nelson,Male,New York
614,C0614,Tracy,Stevenson,Female,California
615,C0615,Jason,Abbott,Male,Ohio
616,C0616,Robert,Zimmerman,Male,California
617,C0617,Michael,Unknown,Male,New York
618,C0618,Tiffany,Jones,Female,New York
619,C0619,Zachary,Nguyen,Male,New York
620,C0620,Shannon,Chang,Male,New York
621,C0621,Juan,Davis,Male,New York
622,C0622,Jerry,Unknown,Male,New York
623,C0623,Jerry,Unknown,Male,Texas
624,C0624,Wesley,Carrillo,Male,New York
625,C0625,Randy,Unknown,Male,Ohio
626,C0626,Alejandro,Gray,Male,Ohio
627,C0627,Lisa,Hernandez,Female,New York
628,C0628,Michael,Vazquez,Male,New York
629,C0629,Nathan,Johnston,Male,New York
630,C0630,Thomas,Young,Male,California
631,C0631,Tony,Unknown,Male,New York
632,C0632,Kristina,Wright,Female,New York
633,C0633,Kathryn,Kim,Female,Texas
634,C0634,Mariah,Unknown,Female,Ohio
635,C0635,John,Gibson,Male,Texas
636,C0636,Sean,Hogan,Male,California
637,C0637,Michael,Wilkinson,Male,New York
638,C0638,Justin,Collins,Male,California
639,C0639,Crystal,Riley,Female,California
640,C0640,John,Unknown,Male,New York
641,C0641,Kirk,Ramirez,Male,Texas
642,C0642,Aaron,Unknown,Male,New York
643,C0643,Brian,Walker,Male,Ohio
644,C0644,Donald,Unknown,Male,unknown
645,C0645,Larry,Moore,Male,Ohio
646,C0646,Andrew,Unknown,Male,California
647,C0647,David,Allison,Male,New York
648,C0648,Jason,Nichols,Male,California
649,C0649,Amy,Reyes,Female,New York
650,C0650,John,Wood,Male,Texas
651,C0651,Natalie,Smith,Female,New York
652,C0652,James,Unknown,Male,New York
653,C0653,Billy,Church,Male,New York
654,C0654,Richard,Nolan,Male,Texas
655,C0655,Zachary,Unknown,Male,California
656,C0656,Richard,Jordan,Male,California
657,C0657,Jason,Unknown,Male,California
658,C0658,Devin,Unknown,Male,Ohio
659,C0659,David,Mullen,Male,California
660,C0660,Adam,Unknown,Male,Texas
661,C0661,Charles,Fritz,Male,New York
662,C0662,David,Unknown,Male,Texas
663,C0663,Lisa,Villa,Female,New York
664,C0664,Leslie,Hughes,Female,New York
665,C0665,Steven,White,Male,New York
666,C0666,Joshua,Unknown,Male,Ohio
667,C0667,Austin,Hogan,Male,New York
668,C0668,Joel,Mann,Male,New York
669,C0669,Kevin,Dixon,Male,Ohio
670,C0670,Kimberly,White,Female,New York
671,C0671,David,Bell,Male,New York
672,C0672,Daniel,Fernandez,Male,Ohio
673,C0673,Christopher,Davila,Male,Ohio
674,C0674,Laura,Unknown,Female,Texas
675,C0675,John,Tucker,Male,unknown
676,C0676,Michael,Young,Male,New York
677,C0677,Devin,Unknown,Male,California
678,C0678,Austin,Acevedo,Male,New York
679,C0679,Dustin,Barnett,Male,California
680,C0680,Aaron,Hampton,Male,Ohio
681,C0681,Tabitha,Adams,Female,California
682,C0682,Lindsey,Mitchell,Female,Texas
683,C0683,Gregory,Stafford,Male,Texas
684,C0684,Tony,Hurst,Male,New York
685,C0685,Jeffrey,Unknown,Male,New York
686,C0686,Frank,Golden,Male,Texas
687,C0687,William,Thomas,Male,New York
688,C0688,Jennifer,Leonard,Female,California
689,C0689,Hector,Christensen,Male,New York
690,C0690,Christopher,Castro,Male,unknown
691,C0691,David,Terry,Male,Texas
692,C0692,Gregory,Cabrera,Male,unknown
693,C0693,Julie,Green,Female,Texas
694,C0694,Steven,Unknown,Male,Ohio
695,C0695,Michael,Todd,Male,Texas
696,C0696,David,Bass,Male,Ohio
697,C0697,Bryan,Anderson,Male,Texas
698,C0698,Joseph,Morrison,Male,unknown
699,C0699,Scott,Francis,Male,New York
700,C0700,Scott,Unknown,Male,New York
701,C0701,Christopher,Norton,Male,California
702,C0702,Richard,Howard,Male,Ohio
703,C0703,William,Garcia,Male,California
704,C0704,Scott,Watts,Male,New York
705,C0705,Matthew,Floyd,Male,California
706,C0706,Teresa,Whitehead,Female,Ohio
707,C0707,Rebecca,Unknown,Female,New York
708,C0708,Ronald,Maxwell,Male,California
709,C0709,Jennifer,Nelson,Female,New York
710,C0710,Joshua,Unknown,Male,New York
711,C0711,Katie,Murray,Female,Texas
712,C0712,Ashley,Moore,Female,Ohio
713,C0713,Carlos,Combs,Male,California
714,C0714,Nicholas,Unknown,Male,California
715,C0715,Christopher,Unknown,Male,unknown
716,C0716,Jennifer,Pittman,Female,Texas
717,C0717,Trevor,Fitzgerald,Male,Ohio
718,C0718,John,Jones,Male,Texas
719,C0719,Cynthia,Hurley,Female,New York
720,C0720,Ryan,Mcgrath,Male,Texas
721,C0721,Christine,White,Female,New York
722,C0722,Eric,Newman,Male,unknown
723,C0723,William,Ellison,Male,Texas
724,C0724,Christine,White,Female,New York
725,C0725,Andrew,Glover,Male,Texas
726,C0726,Stephen,Walton,Male,California
727,C0727,Rachel,Schwartz,Female,California
728,C0728,Brittany,Ramsey,Female,Ohio
729,C0729,Alexis,Donovan,Female,California
730,C0730,Timothy,Thompson,Male,California
731,C0731,Calvin,Sanders,Male,unknown
732,C0732,Dwayne,Montoya,Male,New York
733,C0733,Lauren,Salazar,Female,Ohio
734,C0734,John,Page,Male,New York
735,C0735,Carlos,Welch,Male,New York
736,C0736,Thomas,Williams,Male,California
737,C0737,David,Unknown,Male,New York
738,C0738,Donna,Unknown,Female,Ohio
739,C0739,Anita,Cunningham,Female,New York
740,C0740,Christopher,Wilson,Male,New York
741,C0741,Collin,Haynes,Male,New York
742,C0742,Joshua,Jackson,Male,New York
743,C0743,Eric,Ross,Male,New York
744,C0744,Heather,French,Female,Ohio
745,C0745,Chris,Barker,Male,California
746,C0746,Michael,Young,Male,New York
747,C0747,Timothy,Fisher,Male,Texas
748,C0748,Debra,Martin,Female,New York
749,C0749,Thomas,Jackson,Male,New York
750,C0750,Kevin,Townsend,Male,New York
751,C0751,Benjamin,Unknown,Male,California
752,C0752,Michael,Evans,Male,Texas
753,C0753,Christian,Gray,Male,New York
754,C0754,Connor,Smith,Male,New York
755,C0755,Amanda,Unknown,Female,New York
756,C0756,Daniel,Perkins,Male,New York
757,C0757,David,Clark,Male,unknown
758,C0758,Christopher,Unknown,Male,Ohio
759,C0759,Nicholas,Unknown,Male,Ohio
760,C0760,Savannah,Davis,Female,New York
761,C0761,Steven,Arnold,Male,New York
762,C0762,Jose,Unknown,Male,California
763,C0763,Mark,Unknown,Male,Ohio
764,C0764,Matthew,Woods,Male,Ohio
765,C0765,Johnathan,Rivera,Male,unknown
766,C0766,Brandon,Edwards,Male,New York
767,C0767,Jacqueline,Gilmore,Female,Texas
768,C0768,David,Galloway,Male,Ohio
769,C0769,Chad,Lyons,Male,California
770,C0770,Nicholas,Unknown,Male,Texas
771,C0771,Matthew,Woods,Male,New York
772,C0772,Travis,Smith,Male,New York
773,C0773,Casey,Smith,Male,California
774,C0774,Travis,Bowman,Male,New York
775,C0775,Mark,Jenkins,Male,New York
776,C0776,Charles,Williams,Male,California
777,C0777,Justin,Unknown,Male,New York
778,C0778,John,Houston,Male,Texas
779,C0779,Shannon,Bates,Male,California
780,C0780,Teresa,Morgan,Female,California
781,C0781,Anthony,Unknown,Male,New York
782,C0782,Mary,Unknown,Female,California
783,C0783,Victoria,Nelson,Female,New York
784,C0784,Benjamin,Unknown,Male,New York
785,C0785,Janice,David,Female,California
786,C0786,Leslie,Unknown,Female,Ohio
787,C0787,Travis,Unknown,Male,New York
788,C0788,Angela,Dodson,Female,Ohio
789,C0789,John,Gonzalez,Male,Ohio
790,C0790,Bryan,Unknown,Male,Texas
791,C0791,Robert,Schultz,Male,California
792,C0792,Michael,Unknown,Male,Ohio
793,C0793,Jeffrey,Smith,Male,New York
794,C0794,Jason,Robertson,Male,Ohio
795,C0795,Anthony,Unknown,Male,unknown
796,C0796,Erin,Young,Female,Texas
797,C0797,Justin,Schneider,Male,Texas
798,C0798,Michael,Unknown,Male,New York
799,C0799,Brittany,Rodriguez,Female,New York
800,C0800,Cody,Potter,Male,California
801,C0801,David,Wagner,Male,New York
802,C0802,Craig,Lam,Male,Ohio
803,C0803,John,Unknown,Male,California
804,C0804,Timothy,Cisneros,Male,California
805,C0805,Amber,Stephenson,Female,unknown
806,C0806,Troy,Unknown,Male,California
807,C0807,Hunter,Navarro,Male,unknown
808,C0808,Robert,Kaufman,Male,Texas
809,C0809,Jessica,Miller,Female,Texas
810,C0810,James,Unknown,Male,Texas
811,C0811,Christine,Allen,Female,New York
812,C0812,Phillip,Unknown,Male,New York
813,C0813,Ryan,Unknown,Male,New York
814,C0814,Julie,Adams,Female,Texas
815,C0815,Matthew,Sanchez,Male,New York
816,C0816,Michael,Lynn,Male,New York
817,C0817,Caroline,Unknown,Female,New York
818,C0818,Matthew,Perez,Male,New York
819,C0819,William,Gilbert,Male,unknown
820,C0820,Christopher,Unknown,Male,Texas
821,C0821,Eddie,Smith,Male,New York
822,C0822,Timothy,Unknown,Male,California
823,C0823,Kimberly,Brown,Female,Ohio
824,C0824,Robert,Unknown,Male,Texas
825,C0825,Michael,Valdez,Male,Texas
826,C0826,Lisa,Holloway,Female,New York
827,C0827,Amanda,Collins,Female,Ohio
828,C0828,Shannon,Unknown,Female,New York
829,C0829,Eric,Snyder,Male,New York
830,C0830,Michele,Beasley,Female,New York
831,C0831,Jeffrey,Wolf,Male,Ohio
832,C0832,Karen,Medina,Female,New York
833,C0833,Dean,James,Male,California
834,C0834,Bryan,Robertson,Male,New York
835,C0835,Johnny,Coleman,Male,New York
836,C0836,Charles,Trevino,Male,New York
837,C0837,Robert,Lopez,Male,New York
838,C0838,Jesse,Myers,Male,Texas
839,C0839,Lauren,Lopez,Female,Texas
840,C0840,John,Sweeney,Male,New York
841,C0841,Dwayne,Keller,Male,New York
842,C0842,Jessica,Unknown,Female,California
843,C0843,Edward,Walker,Male,New York
844,C0844,David,Thompson,Male,Ohio
845,C0845,Andrew,Unknown,Male,New York
846,C0846,Erika,Lloyd,Female,Ohio
847,C0847,Aaron,Peterson,Male,California
848,C0848,Rebecca,Unknown,Female,California
849,C0849,Oscar,Gomez,Male,unknown
850,C0850,Randall,Unknown,Male,Texas
851,C0851,Darrell,Unknown,Male,unknown
852,C0852,Jordan,Tanner,Male,New York
853,C0853,Robert,Snyder,Male,New York
854,C0854,John,Unknown,Male,New York
855,C0855,Franklin,Garcia,Male,Texas
856,C0856,Thomas,Unknown,Male,California
857,C0857,Austin,Espinoza,Male,New York
858,C0858,Joshua,Payne,Male,California
859,C0859,Robert,Unknown,Male,California
860,C0860,Cathy,Unknown,Female,New York
861,C0861,Jacob,Williams,Male,Ohio
862,C0862,Bryan,Hernandez,Male,New York
863,C0863,Martin,Velasquez,Male,California
864,C0864,Eric,Wilson,Male,New York
865,C0865,David,Unknown,Male,Texas
866,C0866,Phillip,Lopez,Male,New York
867,C0867,Jorge,Unknown,Male,Texas
868,C0868,Tyler,Garrison,Male,New York
869,C0869,Jillian,Hughes,Female,unknown
870,C0870,Jasmine,Edwards,Female,Ohio
871,C0871,Daniel,Curry,Male,Texas
872,C0872,Joseph,Turner,Male,Ohio
873,C0873,Cody,Unknown,Male,Texas
874,C0874,Joshua,Young,Male,Texas
875,C0875,Dawn,Nunez,Female,New York
876,C0876,Jasmine,Washington,Female,New York
877,C0877,Kenneth,Hill,Male,Ohio
878,C0878,Brian,Unknown,Male,Ohio
879,C0879,Nicholas,Ramirez,Male,California
880,C0880,Aaron,Morrison,Male,Texas
881,C0881,Scott,Unknown,Male,New York
882,C0882,Sean,Smith,Male,Texas
883,C0883,Brian,Beard,Male,California
884,C0884,Jose,Unknown,Male,unknown
885,C0885,James,Williams,Male,Ohio
886,C0886,Angela,Unknown,Female,Ohio
887,C0887,Evan,Andrews,Male,unknown
888,C0888,Donald,Lewis,Male,New York
889,C0889,Christopher,Unknown,Male,California
890,C0890,Zachary,Moore,Male,Texas
891,C0891,Marcus,Unknown,Male,Texas
892,C0892,Christopher,Unknown,Male,New York
893,C0893,David,Unknown,Male,Ohio
894,C0894,Samantha,Unknown,Female,unknown
895,C0895,Gregg,Unknown,Male,Ohio
896,C0896,James,Williams,Male,New York
897,C0897,James,Morgan,Male,New York
898,C0898,Juan,Hamilton,Male,California
899,C0899,David,Powell,Male,Texas
900,C0900,Eric,Unknown,Male,Ohio
901,C0901,Evan,Farrell,Male,Texas
902,C0902,Sean,Harris,Male,New York
903,C0903,Brandon,Sullivan,Male,unknown
904,C0904,David,Unknown,Male,New York
905,C0905,Alan,Melton,Male,New York
906,C0906,Michael,Zuniga,Male,Ohio
907,C0907,Bradley,Parrish,Male,Ohio
908,C0908,Kevin,Cruz,Male,New York
909,C0909,Steven,Hamilton,Male,California
910,C0910,Derek,Carpenter,Male,New York
911,C0911,Scott,Beasley,Male,New York
912,C0912,Kristina,Unknown,Female,Texas
913,C0913,Robert,Ramirez,Male,New York
914,C0914,Thomas,Smith,Male,New York
915,C0915,Christopher,Ryan,Male,unknown
916,C0916,Lucas,Hernandez,Male,Ohio
917,C0917,Sandra,Gonzalez,Female,New York
918,C0918,Katie,Bailey,Female,Texas
919,C0919,John,Sullivan,Male,New York
920,C0920,William,Unknown,Male,Texas
921,C0921,David,Lewis,Male,Texas
922,C0922,Peter,Unknown,Male,unknown
923,C0923,Richard,Mcdaniel,Male,Ohio
924,C0924,Albert,Bolton,Male,New York
925,C0925,Susan,Unknown,Female,Texas
926,C0926,William,Unknown,Male,New York
927,C0927,Christopher,Williams,Male,Ohio
928,C0928,Roger,Patrick,Male,New York
929,C0929,David,Unknown,Male,Ohio
930,C0930,Charles,Unknown,Male,Texas
931,C0931,Timothy,Campbell,Male,unknown
932,C0932,Misty,Unknown,Female,California
933,C0933,Patricia,Unknown,Female,California
934,C0934,Timothy,Unknown,Male,New York
935,C0935,Jeffrey,Rose,Male,California
936,C0936,Paul,Unknown,Male,unknown
937,C0937,Kyle,Robertson,Male,California
938,C0938,Alexander,Miller,Male,Texas
939,C0939,Sandra,Unknown,Female,California
940,C0940,Shane,Ward,Male,Texas
941,C0941,Melvin,Unknown,Male,New York
942,C0942,Thomas,Unknown,Male,California
943,C0943,Mark,Velez,Male,New York
944,C0944,Carlos,Richards,Male,Texas
945,C0945,Garrett,Miller,Male,Ohio
946,C0946,Gabriel,Cole,Male,California
947,C0947,James,Robertson,Male,California
948,C0948,Richard,Powell,Male,California
949,C0949,David,Unknown,Male,New York
950,C0950,Eric,Walker,Male,New York
951,C0951,Luis,Cooper,Male,New York
952,C0952,Gregory,Unknown,Male,Ohio
953,C0953,David,Lynch,Male,California
954,C0954,Keith,Unknown,Male,unknown
955,C0955,Dawn,Rogers,Female,California
956,C0956,Mark,Allen,Male,Ohio
957,C0957,Jason,Williams,Male,New York
958,C0958,Molly,Gill,Female,New York
959,C0959,Jonathan,Unknown,Male,unknown
960,C0960,David,Butler,Male,New York
961,C0961,John,Rodriguez,Male,Texas
962,C0962,Penny,Unknown,Female,Ohio
963,C0963,Matthew,Valentine,Male,New York
964,C0964,Carolyn,Unknown,Female,California
965,C0965,Scott,Unknown,Male,Ohio
966,C0966,Christopher,Meadows,Male,Ohio
967,C0967,Steven,Gill,Male,Texas
968,C0968,Randy,Smith,Male,New York
969,C0969,Daniel,Hendrix,Male,unknown
970,C0970,Tyler,Allen,Male,Ohio
971,C0971,Jeff,Nelson,Male,New York
972,C0972,Dennis,Unknown,Male,California
973,C0973,Casey,Le,Male,Ohio
974,C0974,Carolyn,Howell,Female,Ohio
975,C0975,Peter,Unknown,Male,New York
976,C0976,Jeremy,Tran,Male,Texas
977,C0977,Daniel,Malone,Male,Texas
978,C0978,Kenneth,Ryan,Male,unknown
979,C0979,Andrew,Unknown,Male,New York
980,C0980,Bruce,Hawkins,Male,Ohio
981,C0981,Matthew,Martinez,Male,Texas
982,C0982,Kathy,Unknown,Female,California
983,C0983,Daniel,Unknown,Male,New York
984,C0984,Sheri,Torres,Female,California
985,C0985,Jose,Chan,Male,New York
986,C0986,Vincent,Unknown,Male,Ohio
987,C0987,Patrick,Flores,Male,New York
988,C0988,Robert,Thompson,Male,New York
989,C0989,Lucas,Conley,Male,New York
990,C0990,Kiara,Miranda,Female,Ohio
991,C0991,David,Mcclure,Male,New York
992,C0992,Ann,Sandoval,Female,New York
993,C0993,David,Mcmillan,Male,California
994,C0994,John,Patrick,Male,New York
995,C0995,Jason,Graham,Male,New York
996,C0996,Felicia,Howe,Female,New York
997,C0997,Joel,Jordan,Male,New York
998,C0998,Wayne,Unknown,Male,Texas
999,C0999,Alexandra,Fox,Female,California
1000,C1000,Todd,Robinson,Male,California
